pais_nombre;pais_area_total_km2;pais_pob_total;L1_tipo;L1_nombre;L1_area_km2;L1_pct_area_pais;L1_rank_area_pais;L1_rank_area_superior;L1_pob;L1_pct_pob_pais;L1_rank_pob_pais;L1_rank_pob_superior;L1_num_subdivisiones_hijas;L1_capitales_nombres;L1_capitales_pob;L1_capitales_pct_pob_sub;L1_ciudad_mas_poblada_nombre;L1_ciudad_mas_poblada_pob;L1_ciudad_mas_poblada_pct_pob_sub;L1_escanhos;L2_tipo;L2_nombre;L2_area_km2;L2_pct_area_pais;L2_pct_area_superior;L2_rank_area_pais;L2_rank_area_superior;L2_pob;L2_pct_pob_pais;L2_pct_pob_superior;L2_rank_pob_pais;L2_rank_pob_superior;L2_num_subdivisiones_hijas;L2_capitales_nombres;L2_capitales_pob;L2_capitales_pct_pob_sub;L2_ciudad_mas_poblada_nombre;L2_ciudad_mas_poblada_pob;L2_ciudad_mas_poblada_pct_pob_sub;L2_escanhos;L3_tipo;L3_nombre;L3_area_km2;L3_pct_area_pais;L3_pct_area_superior;L3_rank_area_pais;L3_rank_area_superior;L3_pob;L3_pct_pob_pais;L3_pct_pob_superior;L3_rank_pob_pais;L3_rank_pob_superior;L3_num_subdivisiones_hijas;L3_capitales_nombres;L3_capitales_pob;L3_capitales_pct_pob_sub;L3_ciudad_mas_poblada_nombre;L3_ciudad_mas_poblada_pob;L3_ciudad_mas_poblada_pct_pob_sub;L3_escanhos
First_Spanish_Empire;3647359.79;109295330;Región cultural;Árabes Bereberes;3040246.25;83.35;1;1;48990116;44.82;2;2;2;Tanger;1275428;2.60;Tanger;1275428;2.60;136;Prefectura;Mauretania;545096.05;14.94;17.93;3;2;41639730;38.10;85.00;2;1;36;Tanger;1275428;3.06;Tanger;1275428;3.06;105;Provincia;Agadir;11288.23;0.31;2.07;57;17;2050512;1.88;4.92;14;6;66;Agadir;504768;24.62;Agadir;504768;24.62;4
;;;;;;;;;;;;;;;;;;;;;;;;;;;;;;;;;;;;;;;;;Provincia;Alhucemas;7422.10;0.20;1.36;85;26;784240;0.72;1.88;49;25;64;Al Hoceïma;50225;6.40;Al Hoceïma;50225;6.40;2
;;;;;;;;;;;;;;;;;;;;;;;;;;;;;;;;;;;;;;;;;Provincia;Ben Guerir;9715.50;0.27;1.78;69;21;906381;0.83;2.18;42;20;68;Ben Guerir;114872;12.67;Ben Guerir;114872;12.67;2
;;;;;;;;;;;;;;;;;;;;;;;;;;;;;;;;;;;;;;;;;Provincia;Béni Mellal;16213.40;0.44;2.97;32;10;1630416;1.49;3.92;21;8;82;Béni Mellal;209594;12.86;Béni Mellal;209594;12.86;4
;;;;;;;;;;;;;;;;;;;;;;;;;;;;;;;;;;;;;;;;;Provincia;Berrechid;5018.50;0.14;0.92;107;34;920174;0.84;2.21;40;18;37;Berrechid;168687;18.33;Berrechid;168687;18.33;3
;;;;;;;;;;;;;;;;;;;;;;;;;;;;;;;;;;;;;;;;;Provincia;Buarfa;35569.00;0.98;6.53;19;3;144451;0.13;0.35;111;35;13;Bouarfa;30068;20.82;Bouarfa;30068;20.82;1
;;;;;;;;;;;;;;;;;;;;;;;;;;;;;;;;;;;;;;;;;Provincia Metropolitana;Casablanca;1143.17;0.03;0.21;116;36;4750204;4.35;11.41;2;1;18;Casablanca;3215935;67.70;Casablanca;3215935;67.70;9
;;;;;;;;;;;;;;;;;;;;;;;;;;;;;;;;;;;;;;;;;Provincia;El Bayadh;78870.00;2.16;14.47;12;1;228624;0.21;0.55;98;32;22;El Bayadh;91632;40.08;El Bayadh;91632;40.08;1
;;;;;;;;;;;;;;;;;;;;;;;;;;;;;;;;;;;;;;;;;Provincia;Errachidia;27034.00;0.74;4.96;23;6;427572;0.39;1.03;75;28;29;Errachidia;97687;22.85;Errachidia;97687;22.85;2
;;;;;;;;;;;;;;;;;;;;;;;;;;;;;;;;;;;;;;;;;Provincia;Essaouira;13669.90;0.37;2.51;44;13;805798;0.74;1.94;48;24;92;Essaouira;82962;10.30;Essaouira;82962;10.30;2
;;;;;;;;;;;;;;;;;;;;;;;;;;;;;;;;;;;;;;;;;Provincia;El Yadida;7106.40;0.19;1.30;91;27;1366297;1.25;3.28;25;11;52;El Jadida;237464;17.38;El Jadida;237464;17.38;3
;;;;;;;;;;;;;;;;;;;;;;;;;;;;;;;;;;;;;;;;;Provincia;Fez;5287.72;0.14;0.97;104;33;1777874;1.63;4.27;18;7;39;Fès;1167842;65.69;Fès;1167842;65.69;4
;;;;;;;;;;;;;;;;;;;;;;;;;;;;;;;;;;;;;;;;;Provincia;Guelmim;38174.00;1.05;7.00;16;2;300868;0.28;0.72;90;31;39;Guelmim;126729;42.12;Guelmim;126729;42.12;1
;;;;;;;;;;;;;;;;;;;;;;;;;;;;;;;;;;;;;;;;;Provincia;Jouribga;10783.00;0.30;1.98;59;18;895385;0.82;2.15;44;22;53;Khouribga;195931;21.88;Khouribga;195931;21.88;2
;;;;;;;;;;;;;;;;;;;;;;;;;;;;;;;;;;;;;;;;;Provincia;Kenitra;3370.00;0.09;0.62;113;35;1284247;1.18;3.08;27;12;23;Kénitra;507736;39.54;Kénitra;507736;39.54;3
;;;;;;;;;;;;;;;;;;;;;;;;;;;;;;;;;;;;;;;;;Provincia;Marrakech;8607.40;0.24;1.58;73;23;2214395;2.03;5.32;13;5;55;Marrakech;1002697;45.28;Marrakech;1002697;45.28;5
;;;;;;;;;;;;;;;;;;;;;;;;;;;;;;;;;;;;;;;;;Provincia;Mequinez;7534.80;0.21;1.38;82;25;1371005;1.25;3.29;24;10;47;Meknès;551503;40.23;Meknès;551503;40.23;3
;;;;;;;;;;;;;;;;;;;;;;;;;;;;;;;;;;;;;;;;;Provincia;Midelt;12748.00;0.35;2.34;48;15;313769;0.29;0.75;88;30;29;Midelt;62648;19.97;Midelt;62648;19.97;2
;;;;;;;;;;;;;;;;;;;;;;;;;;;;;;;;;;;;;;;;;Provincia;Missour;14290.00;0.39;2.62;39;12;205411;0.19;0.49;102;33;21;Missour;28408;13.83;Fritissa;29594;14.41;1
;;;;;;;;;;;;;;;;;;;;;;;;;;;;;;;;;;;;;;;;;Provincia;Mostaganem;8116.00;0.22;1.49;75;24;1521191;1.39;3.65;23;9;79;Mostaganem;145696;9.58;Mostaganem;145696;9.58;4
;;;;;;;;;;;;;;;;;;;;;;;;;;;;;;;;;;;;;;;;;Provincia;Naamá;29950.00;0.82;5.49;21;4;192891;0.18;0.46;104;34;12;Naâma;16251;8.42;Méchria;66465;34.46;1
;;;;;;;;;;;;;;;;;;;;;;;;;;;;;;;;;;;;;;;;;Provincia;Nador;6003.21;0.16;1.10;100;32;840163;0.77;2.02;46;23;46;Nador;158202;18.83;Nador;158202;18.83;2
;;;;;;;;;;;;;;;;;;;;;;;;;;;;;;;;;;;;;;;;;Provincia;Orán;13596.00;0.37;2.49;46;14;2430061;2.22;5.84;10;4;106;Oran;609940;25.10;Oran;609940;25.10;5
;;;;;;;;;;;;;;;;;;;;;;;;;;;;;;;;;;;;;;;;;Provincia;Ouarzazate;17757.50;0.49;3.26;29;9;917582;0.84;2.20;41;19;66;Ouarzazate;79218;8.63;Ouarzazate;79218;8.63;3
;;;;;;;;;;;;;;;;;;;;;;;;;;;;;;;;;;;;;;;;;Provincia;Rabat;9859.13;0.27;1.81;67;20;2951684;2.70;7.09;7;3;51;Rabat;509916;17.28;Salé;945101;32.02;6
;;;;;;;;;;;;;;;;;;;;;;;;;;;;;;;;;;;;;;;;;Provincia;Safi;7061.90;0.19;1.30;92;28;965819;0.88;2.32;34;14;36;Safi;323888;33.54;Safi;323888;33.54;3
;;;;;;;;;;;;;;;;;;;;;;;;;;;;;;;;;;;;;;;;;Provincia;Saída;6764.00;0.19;1.24;95;30;330641;0.30;0.79;84;29;16;Saïda;128413;38.84;Saïda;128413;38.84;2
;;;;;;;;;;;;;;;;;;;;;;;;;;;;;;;;;;;;;;;;;Provincia;Settat;6856.30;0.19;1.26;94;29;652292;0.60;1.57;55;26;46;Settat;171556;26.30;Settat;171556;26.30;2
;;;;;;;;;;;;;;;;;;;;;;;;;;;;;;;;;;;;;;;;;Provincia;Tánger;6608.79;0.18;1.21;97;31;3054584;2.79;7.34;6;2;66;Tanger;1275428;41.75;Tanger;1275428;41.75;6
;;;;;;;;;;;;;;;;;;;;;;;;;;;;;;;;;;;;;;;;;Provincia;Tata;26091.00;0.72;4.79;24;7;111757;0.10;0.27;114;36;20;Tata;19544;17.49;Tata;19544;17.49;1
;;;;;;;;;;;;;;;;;;;;;;;;;;;;;;;;;;;;;;;;;Provincia;Taurirt;14719.70;0.40;2.70;38;11;435994;0.40;1.05;74;27;24;Taourirt;100402;23.03;Taourirt;100402;23.03;2
;;;;;;;;;;;;;;;;;;;;;;;;;;;;;;;;;;;;;;;;;Provincia;Taza;11652.70;0.32;2.14;55;16;1113621;1.02;2.67;31;13;87;Taza;150763;13.54;Taza;150763;13.54;3
;;;;;;;;;;;;;;;;;;;;;;;;;;;;;;;;;;;;;;;;;Provincia;Tinghir;19195.50;0.53;3.52;28;8;936455;0.86;2.25;39;17;74;Tinghir;44239;4.72;Tinghir;44239;4.72;3
;;;;;;;;;;;;;;;;;;;;;;;;;;;;;;;;;;;;;;;;;Provincia;Tremecén;9061.00;0.25;1.66;71;22;949135;0.87;2.28;36;16;53;Tlemcen;140158;14.77;Tlemcen;140158;14.77;3
;;;;;;;;;;;;;;;;;;;;;;;;;;;;;;;;;;;;;;;;;Provincia;Uchda;10360.70;0.28;1.90;64;19;960042;0.88;2.31;35;15;41;Oujda;506224;52.73;Oujda;506224;52.73;3
;;;;;;;;;;;;;;;;;;;;;;;;;;;;;;;;;;;;;;;;;Porvincia;Zagora;27597.50;0.76;5.06;22;5;898195;0.82;2.16;43;21;74;Zagora;42294;4.71;Zagora;42294;4.71;2
;;;;;;;;;;;;;;;;;;;;;Prefectura;Sahara;2495150.20;68.41;82.07;1;1;7350386;6.73;15.00;3;2;19;Nouakchott;627415;8.54;Nouakchott;627415;8.54;31;Provincia;Aiún el Atrús;50248.00;1.38;2.01;15;14;403089;0.37;5.48;76;7;29;Aïoun El Atrouss;36517;9.06;Aïoun El Atrouss;36517;9.06;2
;;;;;;;;;;;;;;;;;;;;;;;;;;;;;;;;;;;;;;;;;Provincia;Atar;222107.00;6.09;8.90;4;4;71623;0.07;0.97;117;18;11;Atar;35170;49.10;Atar;35170;49.10;1
;;;;;;;;;;;;;;;;;;;;;;;;;;;;;;;;;;;;;;;;;Provincia;Béchar;162200.00;4.45;6.50;7;7;270061;0.25;3.67;93;12;21;Béchar;165627;61.33;Béchar;165627;61.33;1
;;;;;;;;;;;;;;;;;;;;;;;;;;;;;;;;;;;;;;;;;Provincia;Brakna;33329.00;0.91;1.34;20;17;391310;0.36;5.32;77;8;24;Brakna;391310;100.00;Boghé;50205;12.83;2
;;;;;;;;;;;;;;;;;;;;;;;;;;;;;;;;;;;;;;;;;Provincia;Dajla;186618.00;5.12;7.48;5;5;285346;0.26;3.88;91;11;5;Dakhla;165463;57.99;Dakhla;165463;57.99;1
;;;;;;;;;;;;;;;;;;;;;;;;;;;;;;;;;;;;;;;;;Provincia;Diré;128338.00;3.52;5.14;9;9;436432;0.40;5.94;73;6;37;Diré;20337;4.66;Tonka;53276;12.21;2
;;;;;;;;;;;;;;;;;;;;;;;;;;;;;;;;;;;;;;;;;Provincia;El Aiun;84820.00;2.33;3.40;11;11;385647;0.35;5.25;80;9;3;Laâyoune;262791;68.14;Laâyoune;262791;68.14;2
;;;;;;;;;;;;;;;;;;;;;;;;;;;;;;;;;;;;;;;;;Provincia;Gou;321086.20;8.80;12.87;2;2;610043;0.56;8.30;59;3;35;Gao;86353;14.16;Gao;86353;14.16;2
;;;;;;;;;;;;;;;;;;;;;;;;;;;;;;;;;;;;;;;;;Provincia;Kaédi;13600.00;0.37;0.55;45;18;442490;0.40;6.02;72;5;31;Kaédi;62790;14.19;Kaédi;62790;14.19;2
;;;;;;;;;;;;;;;;;;;;;;;;;;;;;;;;;;;;;;;;;Provincia;Kiffa;35984.00;0.99;1.44;18;16;451804;0.41;6.15;69;4;26;Kiffa;84101;18.61;Kiffa;84101;18.61;2
;;;;;;;;;;;;;;;;;;;;;;;;;;;;;;;;;;;;;;;;;Provincia;Néma;182267.00;5.00;7.30;6;6;625643;0.57;8.51;56;2;37;Néma;35042;5.60;Fassale;79508;12.71;2
;;;;;;;;;;;;;;;;;;;;;;;;;;;;;;;;;;;;;;;;;Provincia;Nuadibú;69375.00;1.90;2.78;13;12;213943;0.20;2.91;101;14;9;Nouadhibou;173525;81.11;Nouadhibou;173525;81.11;1
;;;;;;;;;;;;;;;;;;;;;;;;;;;;;;;;;;;;;;;;;Provincia;Nuakchot;66949.00;1.84;2.68;14;13;1770664;1.62;24.09;20;1;28;Nouakchott;627415;35.43;Nouakchott;627415;35.43;4
;;;;;;;;;;;;;;;;;;;;;;;;;;;;;;;;;;;;;;;;;Provincia;Sélibabi;10818.00;0.30;0.43;58;19;363075;0.33;4.94;81;10;22;Sélibabi;44966;12.38;Sélibabi;44966;12.38;2
;;;;;;;;;;;;;;;;;;;;;;;;;;;;;;;;;;;;;;;;;Provincia;Tan-Tan;38174.00;1.05;1.53;17;15;147817;0.14;2.01;110;15;14;Tan-Tan;76134;51.51;Tan-Tan;76134;51.51;1
;;;;;;;;;;;;;;;;;;;;;;;;;;;;;;;;;;;;;;;;;Provincia;Tinduf;159000.00;4.36;6.37;8;8;49149;0.04;0.67;118;19;2;Tindouf;45966;93.52;Tindouf;45966;93.52;1
;;;;;;;;;;;;;;;;;;;;;;;;;;;;;;;;;;;;;;;;;Provincia;Tiyikya;98186.00;2.69;3.94;10;10;114760;0.10;1.56;113;16;10;Tidjikdja;19386;16.89;Nbeika;30545;26.62;1
;;;;;;;;;;;;;;;;;;;;;;;;;;;;;;;;;;;;;;;;;Provincia;Tombuctú;374267.00;10.26;15.00;1;1;238361;0.22;3.24;97;13;15;Tombouctou;54629;22.92;Tombouctou;54629;22.92;1
;;;;;;;;;;;;;;;;;;;;;;;;;;;;;;;;;;;;;;;;;Provincia;Zuérat;257784.00;7.07;10.33;3;3;79129;0.07;1.08;116;17;3;Zouerate;62380;78.83;Zouerate;62380;78.83;1
;;;Región cultural;Latinos;607113.54;16.65;2;2;60305214;55.18;1;1;2;Madrid;3422416;5.68;Madrid;3422416;5.68;164;Prefectura;España;592510.34;16.24;97.59;2;1;57073965;52.22;94.64;1;1;59;Madrid;3422416;6.00;Madrid;3422416;6.00;155;Provincia;Albacete;14926.00;0.41;2.52;37;10;389070;0.36;0.68;78;40;87;Albacete;174073;44.74;Albacete;174073;44.74;2
;;;;;;;;;;;;;;;;;;;;;;;;;;;;;;;;;;;;;;;;;Provincia;Alicante;5817.00;0.16;0.98;101;49;1993289;1.82;3.49;15;8;141;Alicant;358608;17.99;Alicant;358608;17.99;4
;;;;;;;;;;;;;;;;;;;;;;;;;;;;;;;;;;;;;;;;;Provincia;Almería;8775.00;0.24;1.48;72;31;760964;0.70;1.33;51;24;103;Almería;201946;26.54;Almería;201946;26.54;2
;;;;;;;;;;;;;;;;;;;;;;;;;;;;;;;;;;;;;;;;;Provincia;Ávila;8050.00;0.22;1.36;78;35;160463;0.15;0.28;107;55;248;Ávila;59119;36.84;Ávila;59119;36.84;1
;;;;;;;;;;;;;;;;;;;;;;;;;;;;;;;;;;;;;;;;;Provincia;Badajoz;21766.00;0.60;3.67;25;1;666029;0.61;1.17;54;27;165;Badajoz;151146;22.69;Badajoz;151146;22.69;2
;;;;;;;;;;;;;;;;;;;;;;;;;;;;;;;;;;;;;;;;;Provincia Insular;Baleares;4992.00;0.14;0.84;109;55;1231768;1.13;2.16;28;14;67;Palma;438234;35.58;Palma;438234;35.58;3
;;;;;;;;;;;;;;;;;;;;;;;;;;;;;;;;;;;;;;;;;Provincia Metropolitana;Barcelona;634.69;0.02;0.11;118;59;3398219;3.11;5.95;3;2;36;Barcelona;1686208;49.62;Barcelona;1686208;49.62;7
;;;;;;;;;;;;;;;;;;;;;;;;;;;;;;;;;;;;;;;;;Provincia;Beja;13850.70;0.38;2.34;42;13;217898;0.20;0.38;100;51;18;Beja;33954;15.58;Beja;33954;15.58;1
;;;;;;;;;;;;;;;;;;;;;;;;;;;;;;;;;;;;;;;;;Provincia;Burgos;14020.41;0.38;2.37;41;12;357588;0.33;0.63;82;42;371;Burgos;176551;49.37;Burgos;176551;49.37;2
;;;;;;;;;;;;;;;;;;;;;;;;;;;;;;;;;;;;;;;;;Provincia;Cáceres;19868.00;0.54;3.35;26;2;388652;0.36;0.68;79;41;223;Cáceres;96448;24.82;Cáceres;96448;24.82;2
;;;;;;;;;;;;;;;;;;;;;;;;;;;;;;;;;;;;;;;;;Provincia;Cádiz;8091.00;0.22;1.37;76;33;1296926;1.19;2.27;26;13;46;Cádiz;111180;8.57;Jerez de la Frontera;214844;16.57;3
;;;;;;;;;;;;;;;;;;;;;;;;;;;;;;;;;;;;;;;;;Provincia;Castellón;6632.00;0.18;1.12;96;46;615188;0.56;1.08;58;29;135;Castelló de la Plana;179861;29.24;Castelló de la Plana;179861;29.24;2
;;;;;;;;;;;;;;;;;;;;;;;;;;;;;;;;;;;;;;;;;Provincia;Castelo Branco;7423.90;0.20;1.25;84;39;191470;0.18;0.34;105;53;13;Castelo Branco;53342;27.86;Castelo Branco;53342;27.86;1
;;;;;;;;;;;;;;;;;;;;;;;;;;;;;;;;;;;;;;;;;Provincia;Coímbra;7679.50;0.21;1.30;81;38;1195762;1.09;2.10;29;15;38;Coimbra;146899;12.28;Coimbra;146899;12.28;3
;;;;;;;;;;;;;;;;;;;;;;;;;;;;;;;;;;;;;;;;;Provincia;Córdoba;13771.00;0.38;2.32;43;14;774313;0.71;1.36;50;23;77;Córdoba;324902;41.96;Córdoba;324902;41.96;2
;;;;;;;;;;;;;;;;;;;;;;;;;;;;;;;;;;;;;;;;;Provincia;Ciudad Real;19581.95;0.54;3.30;27;3;492675;0.45;0.86;66;36;101;Ciudad Real;75674;15.36;Ciudad Real;75674;15.36;2
;;;;;;;;;;;;;;;;;;;;;;;;;;;;;;;;;;;;;;;;;Provincia;Cuenca;17141.00;0.47;2.89;31;5;199025;0.18;0.35;103;52;238;Cuenca;53643;26.95;Cuenca;53643;26.95;1
;;;;;;;;;;;;;;;;;;;;;;;;;;;;;;;;;;;;;;;;;Provincia;Évora;12638.10;0.35;2.13;50;17;241873;0.22;0.42;95;49;28;Évora;53908;22.29;Évora;53908;22.29;1
;;;;;;;;;;;;;;;;;;;;;;;;;;;;;;;;;;;;;;;;;Provincia;Faro;4996.10;0.14;0.84;108;54;492747;0.45;0.86;65;35;16;Faro;70347;14.28;Loulé;75764;15.38;2
;;;;;;;;;;;;;;;;;;;;;;;;;;;;;;;;;;;;;;;;;Provincia;Gerona;5782.66;0.16;0.98;102;50;819348;0.75;1.44;47;22;219;Girona;106476;13.00;Girona;106476;13.00;2
;;;;;;;;;;;;;;;;;;;;;;;;;;;;;;;;;;;;;;;;;Provincia;Granada;12647.00;0.35;2.13;49;16;939741;0.86;1.65;38;20;174;Granada;233532;24.85;Granada;233532;24.85;3
;;;;;;;;;;;;;;;;;;;;;;;;;;;;;;;;;;;;;;;;;Provincia;Guadalajara;12212.00;0.33;2.06;52;19;280225;0.26;0.49;92;48;288;Guadalajara;90878;32.43;Guadalajara;90878;32.43;1
;;;;;;;;;;;;;;;;;;;;;;;;;;;;;;;;;;;;;;;;;Provincia;Huelva;10128.00;0.28;1.71;66;28;535734;0.49;0.94;63;33;80;Huelva;143526;26.79;Huelva;143526;26.79;2
;;;;;;;;;;;;;;;;;;;;;;;;;;;;;;;;;;;;;;;;;Provincia;Huesca;15636.00;0.43;2.64;33;6;228519;0.21;0.40;99;50;202;Huesca;54664;23.92;Huesca;54664;23.92;1
;;;;;;;;;;;;;;;;;;;;;;;;;;;;;;;;;;;;;;;;;Provincia;Jaén;13496.00;0.37;2.28;47;15;619055;0.57;1.08;57;28;97;Jaén;111945;18.08;Jaén;111945;18.08;2
;;;;;;;;;;;;;;;;;;;;;;;;;;;;;;;;;;;;;;;;;Provincia;La Coruña;7950.00;0.22;1.34;80;37;1128449;1.03;1.98;30;16;93;A Coruña;249255;22.09;A Coruña;249255;22.09;3
;;;;;;;;;;;;;;;;;;;;;;;;;;;;;;;;;;;;;;;;;Provincia;León;15581.00;0.43;2.63;35;8;447802;0.41;0.78;71;39;211;León;122866;27.44;León;122866;27.44;2
;;;;;;;;;;;;;;;;;;;;;;;;;;;;;;;;;;;;;;;;;Provincia;Lérida;12172.00;0.33;2.05;53;20;451707;0.41;0.79;70;38;231;Lleida;144878;32.07;Lleida;144878;32.07;2
;;;;;;;;;;;;;;;;;;;;;;;;;;;;;;;;;;;;;;;;;Provincia;Lisboa;5274.80;0.14;0.89;105;52;3310213;3.03;5.80;4;3;30;Lisboa;575739;17.39;Lisboa;575739;17.39;7
;;;;;;;;;;;;;;;;;;;;;;;;;;;;;;;;;;;;;;;;;Provincia;Logroño;5045.00;0.14;0.85;106;53;324184;0.30;0.57;87;46;174;Logroño;150845;46.53;Logroño;150845;46.53;2
;;;;;;;;;;;;;;;;;;;;;;;;;;;;;;;;;;;;;;;;;Provincia;Lugo;9856.00;0.27;1.66;68;29;325048;0.30;0.57;86;45;67;Lugo;99365;30.57;Lugo;99365;30.57;2
;;;;;;;;;;;;;;;;;;;;;;;;;;;;;;;;;;;;;;;;;Provincia Metropolitana;Madrid;1738.93;0.05;0.29;115;58;5202608;4.76;9.12;1;1;24;Madrid;3422416;65.78;Madrid;3422416;65.78;10
;;;;;;;;;;;;;;;;;;;;;;;;;;;;;;;;;;;;;;;;;Provincia;Málaga;7308.00;0.20;1.23;87;41;1774701;1.62;3.11;19;11;103;Málaga;592346;33.38;Málaga;592346;33.38;4
;;;;;;;;;;;;;;;;;;;;;;;;;;;;;;;;;;;;;;;;;Provincia;Móstoles;6289.07;0.17;1.06;99;48;1806660;1.65;3.17;17;10;155;Móstoles;213268;11.80;Móstoles;213268;11.80;4
;;;;;;;;;;;;;;;;;;;;;;;;;;;;;;;;;;;;;;;;;Provincia;Murcia;11313.00;0.31;1.91;56;22;1568492;1.44;2.75;22;12;45;Murcia;471982;30.09;Murcia;471982;30.09;4
;;;;;;;;;;;;;;;;;;;;;;;;;;;;;;;;;;;;;;;;;Provincia;Oporto;8299.40;0.23;1.40;74;32;3198883;2.93;5.60;5;4;48;Porto;252687;7.90;Vila Nova de Gaia;312984;9.78;6
;;;;;;;;;;;;;;;;;;;;;;;;;;;;;;;;;;;;;;;;;Provincia;Orense;7273.00;0.20;1.23;88;42;304467;0.28;0.53;89;47;92;Ourense;104725;34.40;Ourense;104725;34.40;1
;;;;;;;;;;;;;;;;;;;;;;;;;;;;;;;;;;;;;;;;;Provincia;Oviedo;10604.00;0.29;1.79;60;23;1009599;0.92;1.77;32;17;78;Oviedo;220027;21.79;Gijón;270219;26.76;3
;;;;;;;;;;;;;;;;;;;;;;;;;;;;;;;;;;;;;;;;;Provincia;Palencia;8024.36;0.22;1.35;79;36;157916;0.14;0.28;108;56;189;Palencia;76578;48.49;Palencia;76578;48.49;1
;;;;;;;;;;;;;;;;;;;;;;;;;;;;;;;;;;;;;;;;;Provincia;Pamplona;10362.45;0.28;1.75;63;26;678305;0.62;1.19;53;26;271;Pamplona;208243;30.70;Pamplona;208243;30.70;2
;;;;;;;;;;;;;;;;;;;;;;;;;;;;;;;;;;;;;;;;;Provincia;Perpiñán;4592.85;0.13;0.78;110;56;579626;0.53;1.02;62;32;234;Perpignan;120996;20.87;Perpignan;120996;20.87;2
;;;;;;;;;;;;;;;;;;;;;;;;;;;;;;;;;;;;;;;;;Provincia;Pontevedra;4495.00;0.12;0.76;111;57;947869;0.87;1.66;37;19;61;Pontevedra;83106;8.77;Vigo;295523;31.18;3
;;;;;;;;;;;;;;;;;;;;;;;;;;;;;;;;;;;;;;;;;Provincia;Salamanca;12350.00;0.34;2.08;51;18;327552;0.30;0.57;85;44;362;Salamanca;144458;44.10;Salamanca;144458;44.10;2
;;;;;;;;;;;;;;;;;;;;;;;;;;;;;;;;;;;;;;;;;Provincia;Santander;5301.35;0.15;0.89;103;51;590600;0.54;1.03;60;30;101;Santander;173635;29.40;Santander;173635;29.40;2
;;;;;;;;;;;;;;;;;;;;;;;;;;;;;;;;;;;;;;;;;Provincia;Santarén;7399.70;0.20;1.25;86;40;588040;0.54;1.03;61;31;23;Santarém;61664;10.49;Vila Franca de Xira;140711;23.93;2
;;;;;;;;;;;;;;;;;;;;;;;;;;;;;;;;;;;;;;;;;Provincia;Segovia;6923.00;0.19;1.17;93;45;156620;0.14;0.27;109;57;209;Segovia;51388;32.81;Segovia;51388;32.81;1
;;;;;;;;;;;;;;;;;;;;;;;;;;;;;;;;;;;;;;;;;Provincia;Sevilla;14036.00;0.38;2.37;40;11;1968624;1.80;3.45;16;9;106;Sevilla;686741;34.88;Sevilla;686741;34.88;4
;;;;;;;;;;;;;;;;;;;;;;;;;;;;;;;;;;;;;;;;;Provincia;Soria;10306.00;0.28;1.74;65;27;90073;0.08;0.16;115;59;183;Soria;40654;45.13;Soria;40654;45.13;1
;;;;;;;;;;;;;;;;;;;;;;;;;;;;;;;;;;;;;;;;;Provincia;Tarragona;6303.00;0.17;1.06;98;47;861744;0.79;1.51;45;21;184;Tarragona;141018;16.36;Tarragona;141018;16.36;2
;;;;;;;;;;;;;;;;;;;;;;;;;;;;;;;;;;;;;;;;;Provincia;Terrasa;7207.82;0.20;1.22;90;44;2479652;2.27;4.34;9;6;276;Terrassa;228294;9.21;Terrassa;228294;9.21;5
;;;;;;;;;;;;;;;;;;;;;;;;;;;;;;;;;;;;;;;;;Provincia;Teruel;15180.22;0.42;2.56;36;9;137481;0.13;0.24;112;58;243;Teruel;36465;26.52;Teruel;36465;26.52;1
;;;;;;;;;;;;;;;;;;;;;;;;;;;;;;;;;;;;;;;;;Provincia;Toledo;15601.05;0.43;2.63;34;7;743438;0.68;1.30;52;25;205;Toledo;86281;11.61;Toledo;86281;11.61;2
;;;;;;;;;;;;;;;;;;;;;;;;;;;;;;;;;;;;;;;;;Provincia;Valladolid;8072.71;0.22;1.36;77;34;524905;0.48;0.92;64;34;223;Valladolid;299816;57.12;Valladolid;299816;57.12;2
;;;;;;;;;;;;;;;;;;;;;;;;;;;;;;;;;;;;;;;;;Provincia;Valencia;10435.78;0.29;1.76;62;25;2708636;2.48;4.75;8;5;259;València;824340;30.43;València;824340;30.43;6
;;;;;;;;;;;;;;;;;;;;;;;;;;;;;;;;;;;;;;;;;Provincia;Viseo;9536.00;0.26;1.61;70;30;456695;0.42;0.80;68;37;33;Viseu;103502;22.66;Viseu;103502;22.66;2
;;;;;;;;;;;;;;;;;;;;;;;;;;;;;;;;;;;;;;;;;Provincia;Vitoria;7235.00;0.20;1.22;89;43;2227684;2.04;3.90;12;7;252;Vitoria-Gasteiz;257407;11.55;Bilbao;347342;15.59;5
;;;;;;;;;;;;;;;;;;;;;;;;;;;;;;;;;;;;;;;;;Provincia;Villa Real;11987.00;0.33;2.02;54;21;354896;0.32;0.62;83;43;31;Vila Real;50043;14.10;Vila Real;50043;14.10;2
;;;;;;;;;;;;;;;;;;;;;;;;;;;;;;;;;;;;;;;;;Provincia;Zamora;10598.29;0.29;1.79;61;24;166464;0.15;0.29;106;54;250;Zamora;59553;35.78;Zamora;59553;35.78;1
;;;;;;;;;;;;;;;;;;;;;;;;;;;;;;;;;;;;;;;;;Provincia;Zaragoza;17302.55;0.47;2.92;30;4;987791;0.90;1.73;33;18;294;Zaragoza;691037;69.96;Zaragoza;691037;69.96;3
;;;;;;;;;;;;;;;;;;;;;Prefectura;Macaronesia;14603.20;0.40;2.41;4;2;3231249;2.96;5.36;4;2;4;;;;;;;9;Provincia Insular;Azores;2322.20;0.06;15.90;114;3;241718;0.22;7.48;96;4;19;Ponta Delgada;69038;28.56;Ponta Delgada;69038;28.56;1
;;;;;;;;;;;;;;;;;;;;;;;;;;;;;;;;;;;;;;;;;Provincia Insular;Canarias;7447.00;0.20;51.00;83;1;2238754;2.05;69.28;11;1;88;Santa Cruz de Tenerife;210486;9.40;Las Palmas de Gran Canaria;383516;17.13;5
;;;;;;;;;;;;;;;;;;;;;;;;;;;;;;;;;;;;;;;;;Provincia Insular;Cabo Verde;4033.00;0.11;27.62;112;2;491337;0.45;15.21;67;2;31;Praia;145378;29.59;Santiago;273988;55.76;2
;;;;;;;;;;;;;;;;;;;;;;;;;;;;;;;;;;;;;;;;;Provincia Insular;Madeira;801.00;0.02;5.49;117;4;259440;0.24;8.03;94;3;11;Funchal;108129;41.68;Funchal;108129;41.68;1
