pais_nombre;pais_area_total_km2;pais_pob_total;L1_tipo;L1_nombre;L1_area_km2;L1_pct_area_pais;L1_rank_area_pais;L1_rank_area_superior;L1_pob;L1_pct_pob_pais;L1_rank_pob_pais;L1_rank_pob_superior;L1_num_subdivisiones_hijas;L1_capitales_nombres;L1_capitales_pob;L1_capitales_pct_pob_sub;L1_ciudad_mas_poblada_nombre;L1_ciudad_mas_poblada_pob;L1_ciudad_mas_poblada_pct_pob_sub;L1_escanhos;L2_tipo;L2_nombre;L2_area_km2;L2_pct_area_pais;L2_pct_area_superior;L2_rank_area_pais;L2_rank_area_superior;L2_pob;L2_pct_pob_pais;L2_pct_pob_superior;L2_rank_pob_pais;L2_rank_pob_superior;L2_num_subdivisiones_hijas;L2_capitales_nombres;L2_capitales_pob;L2_capitales_pct_pob_sub;L2_ciudad_mas_poblada_nombre;L2_ciudad_mas_poblada_pob;L2_ciudad_mas_poblada_pct_pob_sub;L2_escanhos
Union_Espanhola;734172.70;90294135;Reino;Aragón;47720.00;6.50;4;4;1364621;1.51;9;9;1;Zaragoza;699007;51.22;Zaragoza;699007;51.22;3;Reino;Aragón;47720.00;6.50;100.00;2;1;1364621;1.51;100.00;22;1;731;Zaragoza;699007;51.22;Zaragoza;699007;51.22;
;;;Corona;Castilla;391918.33;53.38;1;1;33024218;36.57;1;1;24;Burgos | Toledo;265444;0.80;Burgos;178370;0.54;52;Condado;Álava;3104.66;0.42;0.79;46;20;343281;0.38;1.04;48;19;53;Vitoria-Gasteiz;260402;75.86;Vitoria-Gasteiz;260402;75.86;
;;;;;;;;;;;;;;;;;;;;;Provincia;Ávila;7809.16;1.06;1.99;30;16;178222;0.20;0.54;53;22;235;Ávila;59480;33.37;Ávila;59480;33.37;
;;;;;;;;;;;;;;;;;;;;;Provincia;Burgos;22202.72;3.02;5.67;14;8;1203405;1.33;3.64;25;10;591;Burgos;178370;14.82;Burgos;178370;14.82;
;;;;;;;;;;;;;;;;;;;;;Capitania General;Canarias;7447.00;1.01;1.90;32;18;2258866;2.50;6.84;13;6;88;Santa Cruz de Tenerife;211498;9.36;Las Palmas de Gran Canaria;384023;17.00;
;;;;;;;;;;;;;;;;;;;;;Reino;Córdoba;12687.29;1.73;3.24;18;11;746240;0.83;2.26;32;12;72;Córdoba;324159;43.44;Córdoba;324159;43.44;
;;;;;;;;;;;;;;;;;;;;;Provincia;Cuenca;23715.04;3.23;6.05;13;7;290148;0.32;0.88;49;20;310;Cuenca;53761;18.53;Cuenca;53761;18.53;
;;;;;;;;;;;;;;;;;;;;;Reino;Granada;26682.12;3.63;6.81;8;5;3403583;3.77;10.31;8;3;367;Granada;235294;6.91;Málaga;597173;17.55;
;;;;;;;;;;;;;;;;;;;;;Provincia;Guadalajara;7517.68;1.02;1.92;31;17;701740;0.78;2.12;34;14;220;Guadalajara;92798;13.22;Guadalajara;92798;13.22;
;;;;;;;;;;;;;;;;;;;;;Provincia;Guipúzcoa;1980.00;0.27;0.51;50;22;733149;0.81;2.22;33;13;88;Donostia;189507;25.85;Donostia;189507;25.85;
;;;;;;;;;;;;;;;;;;;;;Reino;Jaén;12409.62;1.69;3.17;20;12;622370;0.69;1.88;39;16;93;Jaén;112119;18.01;Jaén;112119;18.01;
;;;;;;;;;;;;;;;;;;;;;Reino;León;25729.40;3.50;6.56;10;6;1453509;1.61;4.40;20;8;299;León;124091;8.54;Gijón;271259;18.66;
;;;;;;;;;;;;;;;;;;;;;Provincia;Madrid;3489.19;0.48;0.89;44;19;5412501;5.99;16.39;2;1;71;Madrid;3477497;64.25;Madrid;3477497;64.25;
;;;;;;;;;;;;;;;;;;;;;Presidio;Melilla;13.41;0.00;0.00;59;24;87067;0.10;0.26;56;24;;Melilla;87067;100.00;Melilla;87067;100.00;
;;;;;;;;;;;;;;;;;;;;;Reino;Murcia;19797.79;2.70;5.05;16;9;1911218;2.12;5.79;14;7;85;Murcia;477631;24.99;Murcia;477631;24.99;
;;;;;;;;;;;;;;;;;;;;;Presidio;Orán;78.00;0.01;0.02;55;23;626910;0.69;1.90;38;15;2;Oran;609940;97.29;Oran;609940;97.29;
;;;;;;;;;;;;;;;;;;;;;Provincia;Salamanca;54135.96;7.37;13.81;1;1;1371487;1.52;4.15;21;9;779;Salamanca;145583;10.61;Badajoz;150870;11.00;
;;;;;;;;;;;;;;;;;;;;;Provincia;Segovia;9590.58;1.31;2.45;25;15;403031;0.45;1.22;46;18;258;Segovia;52189;12.95;Segovia;52189;12.95;
;;;;;;;;;;;;;;;;;;;;;Reino;Sevilla;34068.07;4.64;8.69;6;4;3904763;4.32;11.82;6;2;245;Sevilla;688714;17.64;Sevilla;688714;17.64;
;;;;;;;;;;;;;;;;;;;;;Provincia;Soria;13479.27;1.84;3.44;17;10;166901;0.18;0.51;54;23;256;Soria;40941;24.53;Soria;40941;24.53;
;;;;;;;;;;;;;;;;;;;;;Reino;Toledo;47235.98;6.43;12.05;3;2;2456930;2.72;7.44;12;5;450;Toledo;87074;3.54;Móstoles;214293;8.72;
;;;;;;;;;;;;;;;;;;;;;Provincia;Toro;10059.54;1.37;2.57;24;14;191241;0.21;0.58;52;21;230;Toro;8349;4.37;Palencia;77369;40.46;
;;;;;;;;;;;;;;;;;;;;;Provincia;Valladolid;11901.51;1.62;3.04;22;13;580078;0.64;1.76;40;17;290;Valladolid;301798;52.03;Valladolid;301798;52.03;
;;;;;;;;;;;;;;;;;;;;;Señorío;Vizcaya;2217.00;0.30;0.57;48;21;1167233;1.29;3.53;26;11;113;Bilbao;350975;30.07;Bilbao;350975;30.07;
;;;;;;;;;;;;;;;;;;;;;Provincia;Zamora;34567.34;4.71;8.82;5;3;2810345;3.11;8.51;11;4;434;Zamora;59857;2.13;Vigo;295735;10.52;
;;;Principado;Cataluña;35805.39;4.88;5;5;8602860;9.53;4;4;1;Barcelona;1713247;19.91;Barcelona;1713247;19.91;14;Principado;Cataluña;35805.39;4.88;100.00;4;1;8602860;9.53;100.00;1;1;1150;Barcelona;1713247;19.91;Barcelona;1713247;19.91;
;;;Reino;Cerdeña;24099.45;3.28;7;7;1561339;1.73;8;8;1;Cagliari;146627;9.39;Cagliari;146627;9.39;4;Reino;Cerdeña;24099.45;3.28;100.00;12;1;1561339;1.73;100.00;19;1;377;Cagliari;146627;9.39;Cagliari;146627;9.39;
;;;Reino;Mallorca;4992.00;0.68;10;10;1249844;1.38;10;10;1;Palma;443196;35.46;Palma;443196;35.46;3;Reino;Mallorca;4992.00;0.68;100.00;39;1;1249844;1.38;100.00;24;1;67;Palma;443196;35.46;Palma;443196;35.46;
;;;Reino;Nápoles;77743.30;10.59;3;3;14133613;15.65;3;3;12;Napoli;908082;6.42;Napoli;908082;6.42;23;Magistrado;Abruzos Citra;3169.56;0.43;4.08;45;12;553913;0.61;3.92;41;9;126;Chieti;48434;8.74;Pescara;118419;21.38;
;;;;;;;;;;;;;;;;;;;;;Magistrado;Abruzos Ultra;8092.02;1.10;10.41;29;4;1065676;1.18;7.54;29;6;186;L'Aquila;70421;6.61;Pescara;118419;11.11;
;;;;;;;;;;;;;;;;;;;;;Magistrado;Basilicata;10073.11;1.37;12.96;23;1;529897;0.59;3.75;42;10;131;Lauria;11708;2.21;Potenza;63839;12.05;
;;;;;;;;;;;;;;;;;;;;;Magistrado;Calabria Citra;6709.62;0.91;8.63;35;7;669239;0.74;4.74;35;7;150;Cosenza;63241;9.45;Corigliano-Rossano;74002;11.06;
;;;;;;;;;;;;;;;;;;;;;Magistrado;Capitania;7343.35;1.00;9.45;33;5;633980;0.70;4.49;37;8;67;Foggia;145447;22.94;Foggia;145447;22.94;
;;;;;;;;;;;;;;;;;;;;;Magistrado;Calabria Ultra;8511.99;1.16;10.95;26;2;1162908;1.29;8.23;27;4;254;Reggio di Calabria;168572;14.50;Reggio di Calabria;168572;14.50;
;;;;;;;;;;;;;;;;;;;;;Condado;Molise;4307.83;0.59;5.54;41;10;273105;0.30;1.93;50;12;129;Bojano;7553;2.77;Campobasso;47519;17.40;
;;;;;;;;;;;;;;;;;;;;;Magistrado;Principado Citra;5228.03;0.71;6.72;37;9;1151255;1.28;8.15;28;5;171;Salerno;125958;10.94;Salerno;125958;10.94;
;;;;;;;;;;;;;;;;;;;;;Magistrado;Principado Ultra;3769.87;0.51;4.85;43;11;466993;0.52;3.30;45;11;153;Montefusco;1187;0.25;Avellino;51910;11.12;
;;;;;;;;;;;;;;;;;;;;;Magistrado;Tierra de Bari;5365.92;0.73;6.90;36;8;1605992;1.78;11.36;18;3;50;Bari;315473;19.64;Bari;315473;19.64;
;;;;;;;;;;;;;;;;;;;;;Magistrado;Tierra de Trabajo;8230.42;1.12;10.59;28;3;4381393;4.85;31.00;5;1;323;Capua;17914;0.41;Napoli;908082;20.73;
;;;;;;;;;;;;;;;;;;;;;Magistrado;Tierra de Otranto;6941.58;0.95;8.93;34;6;1639262;1.82;11.60;17;2;143;Lecce;94253;5.75;Taranto;185909;11.34;
;;;Círculo;Países Bajos;14228.93;1.94;9;9;4534823;5.02;7;7;5;;;;;;;8;Condado;Artois;4414.29;0.60;31.02;40;1;1063717;1.18;23.46;30;2;634;Arras;42621;4.01;Arras;42621;4.01;
;;;;;;;;;;;;;;;;;;;;;Condado;Cambrai;730.66;0.10;5.14;51;5;143225;0.16;3.16;55;5;97;Cambrai;31568;22.04;Cambrai;31568;22.04;
;;;;;;;;;;;;;;;;;;;;;Condado;Flandes;2720.14;0.37;19.12;47;3;1828469;2.03;40.32;16;1;276;Lille;238695;13.05;Lille;238695;13.05;
;;;;;;;;;;;;;;;;;;;;;Condado;Henao;2164.72;0.29;15.21;49;4;635068;0.70;14.00;36;4;255;Valenciennes;42979;6.77;Valenciennes;42979;6.77;
;;;;;;;;;;;;;;;;;;;;;Condado;Luxemburgo;4199.12;0.57;29.51;42;2;864344;0.96;19.06;31;3;201;Luxembourg;471412;54.54;Thionville;42778;4.95;
;;;Reino;Portugal;90098.71;12.27;2;2;15126462;16.75;2;2;12;Lisboa;575739;3.81;Lisboa;575739;3.81;25;Presidio;Alcazarseguir;86.98;0.01;0.10;54;9;17125;0.02;0.11;59;12;1;Ksar Sghir;17125;100.00;Ksar Sghir;17125;100.00;
;;;;;;;;;;;;;;;;;;;;;Provincia;Alentejo;26950.25;3.67;29.91;7;1;472198;0.52;3.12;44;7;48;Beja;33954;7.19;Évora;53908;11.42;
;;;;;;;;;;;;;;;;;;;;;Reino;Algarbe;4996.10;0.68;5.55;38;6;492747;0.55;3.26;43;6;16;Faro;70347;14.28;Loulé;75764;15.38;
;;;;;;;;;;;;;;;;;;;;;Presidio;Arcila;32.83;0.00;0.04;56;10;36039;0.04;0.24;58;11;1;Assilah;36039;100.00;Assilah;36039;100.00;
;;;;;;;;;;;;;;;;;;;;;Provincia;Beira;24639.40;3.36;27.35;11;2;1843927;2.04;12.19;15;4;84;Coimbra;146899;7.97;Coimbra;146899;7.97;
;;;;;;;;;;;;;;;;;;;;;Presidio;Casablanca;218.80;0.03;0.24;52;7;3215935;3.56;21.26;9;2;1;Casablanca;3215935;100.00;Casablanca;3215935;100.00;
;;;;;;;;;;;;;;;;;;;;;Presidio;Ceuta;19.48;0.00;0.02;58;12;83567;0.09;0.55;57;10;;Ceuta;83567;100.00;Ceuta;83567;100.00;
;;;;;;;;;;;;;;;;;;;;;Provincia;Detrás de los Montes y Alto Duero;11987.00;1.63;13.30;21;4;354896;0.39;2.35;47;8;31;Vila Real;50043;14.10;Vila Real;50043;14.10;
;;;;;;;;;;;;;;;;;;;;;Provincia;Entre Duero y Miño;8299.40;1.13;9.21;27;5;3198883;3.54;21.15;10;3;48;Braga;203519;6.36;Vila Nova de Gaia;312984;9.78;
;;;;;;;;;;;;;;;;;;;;;Provincia;Extremadura;12674.50;1.73;14.07;19;3;3898253;4.32;25.77;7;1;53;Lisboa;575739;14.77;Lisboa;575739;14.77;
;;;;;;;;;;;;;;;;;;;;;Presidio;Mazagán;29.47;0.00;0.03;57;11;237464;0.26;1.57;51;9;1;El Jadida;237464;100.00;El Jadida;237464;100.00;
;;;;;;;;;;;;;;;;;;;;;Presidio;Tanger;164.50;0.02;0.18;53;8;1275428;1.41;8.43;23;5;1;Tanger;1275428;100.00;Tanger;1275428;100.00;
;;;Reino;Sicilia;26147.70;3.56;6;6;5342814;5.92;6;6;1;Palermo;625956;11.72;Palermo;625956;11.72;9;Reino;Sicilia;26147.70;3.56;100.00;9;1;5342814;5.92;100.00;4;1;459;Palermo;625956;11.72;Palermo;625956;11.72;
;;;Reino;Valencia;21418.89;2.92;8;8;5353541;5.93;5;5;1;València;841558;15.72;València;841558;15.72;9;Reino;Valencia;21418.89;2.92;100.00;15;1;5353541;5.93;100.00;3;1;534;València;841558;15.72;València;841558;15.72;
